"Introduction to Algorithms",,,introduction-to-algorithms/_introduction-to-algorithms,Reading,
"Database Systems",,,database-systems/_database-systems,Reading,
"Performance Engineering of Software Systems",,,performance-engineering-of-software-systems/_performance-engineering-of-software-systems,Reading,
"The Modern Algorithmic Toolbox",,,the-modern-algorithmic-toolbox/_the-modern-algorithmic-toolbox,Reading,
"An Introduction to Computer Networks",,,an-introduction-to-computer-networks/_an-introduction-to-computer-networks,Reading,
"Finance Theory I",,,finance-theory-i/_finance-theory-i,Reading,
"Algorithmic Game Theory",,,algorithmic-game-theory/_algorithmic-game-theory,Reading,
"Machine Learning",,,machine-learning/_machine-learning,Reading,
"Randomized Algorithms",,,randomized-algorithms/_randomized-algorithms,Reading,
"Algorithms for Big Data",,,algorithms-for-big-data/_algorithms-for-big-data,Reading,
"Notes on Discrete Mathematics",,,notes-on-discrete-mathematics/_notes-on-discrete-mathematics,Reading,
"Statistics Lecture Notes",,,statistics-lecture-notes/_statistics-lecture-notes,Reading,
"Theory of Computation Lecture Notes",,,theory-of-computation-lecture-notes/_theory-of-computation-lecture-notes,Reading,
